minimum,	time_measurement
95.83245,	1014
104.31621,	745
106.36246,	1029
114.67668,	567
99.03119,	506
124.23244,	1147
94.04623,	561
117.27805,	933
98.72286,	902
111.01432,	1061
115.37561,	1147
82.36748,	954
115.62500,	1151
110.02725,	948
107.76851,	1135
96.33593,	701
107.38457,	946
89.82699,	570
98.78286,	993
109.28194,	1192
101.88764,	1250
108.92280,	1225
92.66185,	892
133.01500,	906
102.53757,	771
98.41949,	1149
97.56939,	1050
120.42736,	1044
80.95086,	754
104.40582,	652
