minimum,	time_measurement
0.00000,	64
0.00000,	71
0.00000,	59
0.00000,	64
0.00000,	66
0.00000,	56
0.00000,	64
0.00000,	70
0.00000,	59
0.00000,	58
0.00000,	65
0.00000,	54
0.00000,	63
0.00000,	63
0.00000,	61
0.00000,	64
0.00000,	71
0.00000,	62
0.00000,	59
0.00000,	50
0.00000,	61
0.00000,	58
0.00000,	62
0.00000,	54
0.00000,	57
0.00000,	49
0.00000,	57
0.00000,	52
0.00000,	57
0.00000,	46
