minimum,	time_measurement
-6.00862,	5368
-5.53247,	4852
-6.23183,	4810
-6.36734,	4860
-5.39428,	5470
-5.33999,	4843
-5.30223,	4925
-5.28541,	6755
-6.10055,	4845
-7.71331,	4838
-6.07318,	6163
-6.41211,	5467
-6.96696,	4825
-6.93315,	4894
-5.05477,	5450
-7.31071,	7766
-5.33320,	4818
-5.72480,	5613
-7.14834,	4839
-5.97588,	5022
-6.19456,	5546
-5.58031,	5772
-7.13282,	5116
-5.89155,	4806
-6.92353,	4958
-5.82698,	4947
-6.43431,	5255
-4.53558,	5604
-6.09779,	5092
-4.96905,	5930
