minimum,	time_measurement
-3.18103,	330
-2.61471,	445
-3.73400,	370
-3.05416,	338
-2.68173,	341
-2.19689,	234
-2.01168,	239
-3.08725,	227
-2.84558,	249
-2.32164,	250
-2.31978,	270
-2.99633,	278
-3.47761,	265
-2.84734,	275
-3.22947,	280
-2.04706,	238
-2.05041,	230
-3.04574,	231
-2.20913,	237
-2.57357,	225
-3.46627,	262
-2.95828,	280
-2.28700,	326
-1.97216,	241
-3.31289,	224
-2.97049,	256
-3.07902,	274
-2.79500,	232
-3.10658,	233
-3.48020,	229
