minimum,	time_measurement
192.52493,	423
156.36403,	249
191.01357,	397
167.93604,	296
179.15048,	326
154.57555,	196
172.51554,	564
200.53795,	526
169.80973,	519
188.72448,	576
182.01077,	571
185.89598,	513
184.53834,	273
171.53470,	312
160.45331,	264
188.38644,	459
170.98678,	442
168.30908,	351
152.23776,	254
169.53198,	317
199.44353,	564
186.69901,	319
187.49347,	385
182.70837,	391
176.25257,	476
168.99659,	309
181.27155,	348
175.82449,	308
191.30399,	470
199.66655,	572
