minimum,	time_measurement
523.04858,	1170
542.40746,	1101
558.93974,	1145
522.51994,	753
570.45308,	950
545.26635,	1638
502.91005,	1645
533.71637,	1626
499.69582,	607
505.36047,	1146
543.06281,	1389
503.70180,	1348
494.50537,	832
573.30696,	1122
545.25721,	1131
546.76294,	812
546.40757,	1456
537.68434,	1400
532.29566,	1158
548.56080,	990
515.33668,	844
515.73425,	1048
514.33119,	1068
509.72000,	1648
526.96135,	859
565.32022,	1377
533.34478,	1002
504.16018,	966
516.61527,	1050
525.67435,	1069
