minimum,	time_measurement
0.00000,	21
0.00000,	24
0.00000,	26
0.00000,	24
0.00000,	24
0.00000,	27
0.00000,	21
0.00000,	20
0.00000,	20
0.00000,	22
0.00000,	21
0.00000,	26
0.00000,	19
0.00000,	22
0.00000,	21
0.00000,	18
0.00000,	24
0.00000,	21
0.00000,	23
0.00000,	30
0.00000,	22
0.00000,	18
0.00000,	23
0.00000,	23
0.00000,	25
0.00000,	18
0.00000,	21
0.00000,	26
0.00000,	20
0.00000,	24
