minimum,	time_measurement
0.00000,	39
0.00000,	39
0.00000,	54
0.00000,	46
0.00000,	37
0.00000,	46
0.00000,	38
0.00000,	42
0.00000,	46
0.00000,	39
0.00000,	46
0.00000,	38
0.00000,	44
0.00000,	51
0.00000,	41
0.00000,	44
0.00000,	46
0.00000,	48
0.00000,	44
0.00000,	49
0.00000,	42
0.00000,	38
0.00000,	43
0.00000,	45
0.00000,	44
0.00000,	38
0.00000,	41
0.00000,	46
0.00000,	42
0.00000,	44
